Hope,Quent,16435294,Hope.Quent@college.harvard.edu,9
Diena,Shama,13777228,Diena.Shama@college.harvard.edu,9
Zondra,Cadmar,12486497,Zondra.Cadmar@college.harvard.edu,9
Inga,Bow,15657083,Inga.Bow@college.harvard.edu,9
Chrystel,Borrell,16164885,Chrystel.Borrell@college.harvard.edu,9
Yetty,Monaco,14071918,Yetty.Monaco@college.harvard.edu,9
Sharai,Meli,16097823,Sharai.Meli@college.harvard.edu,9
Aryn,Hanleigh,19408239,Aryn.Hanleigh@college.harvard.edu,9
Jenilee,Vastah,11949445,Jenilee.Vastah@college.harvard.edu,9
Ann-Marie,Sherrie,13813311,Ann-Marie.Sherrie@college.harvard.edu,9
Mureil,McLaughlin,16406290,Mureil.McLaughlin@college.harvard.edu,9
Jennica,Kiersten,15651397,Jennica.Kiersten@college.harvard.edu,9
Averyl,Dorine,18551575,Averyl.Dorine@college.harvard.edu,9
Charlena,Buffum,11578825,Charlena.Buffum@college.harvard.edu,9
Nollie,Soneson,11577153,Nollie.Soneson@college.harvard.edu,9
Chloris,Dyche,19984627,Chloris.Dyche@college.harvard.edu,9
Dione,Rad,17225979,Dione.Rad@college.harvard.edu,9
Tracey,Ammann,17612272,Tracey.Ammann@college.harvard.edu,9
Annecorinne,Marijo,15561593,Annecorinne.Marijo@college.harvard.edu,9
Starla,Koehler,12057217,Starla.Koehler@college.harvard.edu,9
Charlena,Saint,18206509,Charlena.Saint@college.harvard.edu,9
Keelia,Chinua,16704646,Keelia.Chinua@college.harvard.edu,9
Neila,Haymes,16440834,Neila.Haymes@college.harvard.edu,9
Hannis,Arquit,11659272,Hannis.Arquit@college.harvard.edu,9
Belinda,Iiette,13087109,Belinda.Iiette@college.harvard.edu,9
Roberta,Truc,10732636,Roberta.Truc@college.harvard.edu,9
Linzy,Maribeth,18033621,Linzy.Maribeth@college.harvard.edu,9
Minne,Thornburg,10037617,Minne.Thornburg@college.harvard.edu,9
Silvana,McClimans,11514978,Silvana.McClimans@college.harvard.edu,9
Betta,Zachary,10062689,Betta.Zachary@college.harvard.edu,9
Marline,Myrilla,15466072,Marline.Myrilla@college.harvard.edu,9
Rosabelle,Haerr,14713897,Rosabelle.Haerr@college.harvard.edu,9
Betta,Cullin,14207386,Betta.Cullin@college.harvard.edu,9
Dacia,Harriman,13555102,Dacia.Harriman@college.harvard.edu,9
Aimil,Tacye,15221282,Aimil.Tacye@college.harvard.edu,9
Roz,Magnolia,13477994,Roz.Magnolia@college.harvard.edu,9
Edyth,Nisbet,10370788,Edyth.Nisbet@college.harvard.edu,9
Rubie,Sandye,18111496,Rubie.Sandye@college.harvard.edu,9
Modestia,Hollingsworth,10118286,Modestia.Hollingsworth@college.harvard.edu,9
Georgina,Norrie,16152376,Georgina.Norrie@college.harvard.edu,9
Melisent,Daveta,12394314,Melisent.Daveta@college.harvard.edu,9
Bertine,Viddah,15471520,Bertine.Viddah@college.harvard.edu,9
Vanessa,Ardra,15201110,Vanessa.Ardra@college.harvard.edu,9
Vanessa,Baptlsta,17907239,Vanessa.Baptlsta@college.harvard.edu,9
Brana,Tacye,19181978,Brana.Tacye@college.harvard.edu,9
Lorenza,Koehler,18869543,Lorenza.Koehler@college.harvard.edu,9
Flory,Raama,12275983,Flory.Raama@college.harvard.edu,9
Odessa,Fredi,18714567,Odessa.Fredi@college.harvard.edu,9
Millie,Tound,10802903,Millie.Tound@college.harvard.edu,9
Sadie,Morgun,14448844,Sadie.Morgun@college.harvard.edu,9
Sissy,Anestassia,10159636,Sissy.Anestassia@college.harvard.edu,9
Drucie,Karylin,18703631,Drucie.Karylin@college.harvard.edu,9
Andree,Roche,19632846,Andree.Roche@college.harvard.edu,9
Berget,Zamora,16516619,Berget.Zamora@college.harvard.edu,9
Constance,Hull,14103313,Constance.Hull@college.harvard.edu,9
Annabela,Rodmann,17433332,Annabela.Rodmann@college.harvard.edu,9
Annecorinne,Vacuva,12371132,Annecorinne.Vacuva@college.harvard.edu,9
Ivett,Genna,12257334,Ivett.Genna@college.harvard.edu,9
Bobbi,Gusella,19319004,Bobbi.Gusella@college.harvard.edu,9
Mara,Armanda,14824470,Mara.Armanda@college.harvard.edu,9
Shell,Willie,14701557,Shell.Willie@college.harvard.edu,9
Marcy,Sisile,14867222,Marcy.Sisile@college.harvard.edu,9
Karlee,Chick,10054746,Karlee.Chick@college.harvard.edu,9
Ethel,Pozzy,19426730,Ethel.Pozzy@college.harvard.edu,9
Joelly,Gaynor,19662517,Joelly.Gaynor@college.harvard.edu,9
Dode,Brieta,11325447,Dode.Brieta@college.harvard.edu,9
Camile,Blake,13873764,Camile.Blake@college.harvard.edu,9
Bee,Eckblad,17355908,Bee.Eckblad@college.harvard.edu,9
Nelle,Toffic,19817961,Nelle.Toffic@college.harvard.edu,9
Linet,Michella,17202190,Linet.Michella@college.harvard.edu,9
Rivalee,Celestine,15722847,Rivalee.Celestine@college.harvard.edu,9
Priscilla,Carleen,15682043,Priscilla.Carleen@college.harvard.edu,9
Felice,Harned,19046660,Felice.Harned@college.harvard.edu,9
Antonietta,Lissi,18580384,Antonietta.Lissi@college.harvard.edu,9
Dari,Hutchison,11004374,Dari.Hutchison@college.harvard.edu,9
Julieta,Idelia,14931747,Julieta.Idelia@college.harvard.edu,9
Annora,Luhe,15735964,Annora.Luhe@college.harvard.edu,9
Libbie,Aurelio,17477745,Libbie.Aurelio@college.harvard.edu,9
Helsa,Haymes,17757959,Helsa.Haymes@college.harvard.edu,9
Moyna,Suanne,12365512,Moyna.Suanne@college.harvard.edu,9
Janis,Chandler,13382744,Janis.Chandler@college.harvard.edu,9
Shandie,Daegal,16683798,Shandie.Daegal@college.harvard.edu,9
Kathy,Lea,11961180,Kathy.Lea@college.harvard.edu,9
Constance,Evangelia,11416501,Constance.Evangelia@college.harvard.edu,9
Shel,Moseley,18572227,Shel.Moseley@college.harvard.edu,9
Orelia,Byrne,17973940,Orelia.Byrne@college.harvard.edu,9
Deane,Auberbach,10805806,Deane.Auberbach@college.harvard.edu,9
Bibby,Lowry,14671785,Bibby.Lowry@college.harvard.edu,9
Fanchon,Hurley,10431961,Fanchon.Hurley@college.harvard.edu,9
Almeta,Cullin,16172880,Almeta.Cullin@college.harvard.edu,9
Dolli,Cordi,11469644,Dolli.Cordi@college.harvard.edu,9
Ofilia,Taima,18968969,Ofilia.Taima@college.harvard.edu,9
Gerianna,Ashok,18081379,Gerianna.Ashok@college.harvard.edu,9
Frances,Virgin,13053425,Frances.Virgin@college.harvard.edu,9
Gilligan,Atonsah,11926715,Gilligan.Atonsah@college.harvard.edu,9
Patricia,Katrine,16383270,Patricia.Katrine@college.harvard.edu,9
Kellen,Myrilla,17178720,Kellen.Myrilla@college.harvard.edu,9
Clementine,Kolnick,17224003,Clementine.Kolnick@college.harvard.edu,9
Violet,Means,17766129,Violet.Means@college.harvard.edu,9
Almeta,Tayib,15324142,Almeta.Tayib@college.harvard.edu,9
Estell,Magdalen,11074940,Estell.Magdalen@college.harvard.edu,9
Allis,Teryn,15453404,Allis.Teryn@college.harvard.edu,9
Hyacinthe,Brian,15118067,Hyacinthe.Brian@college.harvard.edu,9
Steffane,Lacombe,13376740,Steffane.Lacombe@college.harvard.edu,9
Max,Means,14199348,Max.Means@college.harvard.edu,9
Riannon,Stanwood,10024217,Riannon.Stanwood@college.harvard.edu,9
Joceline,Egbert,14683955,Joceline.Egbert@college.harvard.edu,9
Lilith,Zaslow,14792609,Lilith.Zaslow@college.harvard.edu,9
Michaelina,Carbo,13380775,Michaelina.Carbo@college.harvard.edu,9
Penelopa,Pacorro,18931782,Penelopa.Pacorro@college.harvard.edu,9
Cindelyn,Ioab,12257941,Cindelyn.Ioab@college.harvard.edu,9
Genevra,Tice,19054888,Genevra.Tice@college.harvard.edu,9
Gale,Malvino,11247014,Gale.Malvino@college.harvard.edu,9
Morganica,Mitzi,16121278,Morganica.Mitzi@college.harvard.edu,9
Katharina,Eugenia,17461239,Katharina.Eugenia@college.harvard.edu,9
Deane,Valoniah,17786692,Deane.Valoniah@college.harvard.edu,9
Lila,Blake,11701579,Lila.Blake@college.harvard.edu,9
Steffane,Cassius,18739767,Steffane.Cassius@college.harvard.edu,9
Genevra,Hoban,10988421,Genevra.Hoban@college.harvard.edu,9
Atlanta,Cornelia,13594129,Atlanta.Cornelia@college.harvard.edu,9
Bobinette,Bennie,13859484,Bobinette.Bennie@college.harvard.edu,9
Maye,Zrike,15673590,Maye.Zrike@college.harvard.edu,9
Merrie,Chaing,16311936,Merrie.Chaing@college.harvard.edu,9
Joelly,Fulmer,10615641,Joelly.Fulmer@college.harvard.edu,9
Blinni,Strephon,13206825,Blinni.Strephon@college.harvard.edu,9
Doro,Gilmour,17614378,Doro.Gilmour@college.harvard.edu,9
Melisent,Seagraves,10533859,Melisent.Seagraves@college.harvard.edu,9
Lucy,Brenn,10052457,Lucy.Brenn@college.harvard.edu,9
Delilah,Martsen,10002920,Delilah.Martsen@college.harvard.edu,9
Elora,Kussell,14592414,Elora.Kussell@college.harvard.edu,9
Sharlene,Alrich,15747058,Sharlene.Alrich@college.harvard.edu,9
Ivett,Andrel,18757525,Ivett.Andrel@college.harvard.edu,9
Marnia,Phi,13810155,Marnia.Phi@college.harvard.edu,9
Amara,Ephrem,12069554,Amara.Ephrem@college.harvard.edu,9
Talya,Merat,12561314,Talya.Merat@college.harvard.edu,9
Fredericka,Bartlett,13291701,Fredericka.Bartlett@college.harvard.edu,9
Riannon,Joseph,12507673,Riannon.Joseph@college.harvard.edu,9
Olivette,Aldric,17357122,Olivette.Aldric@college.harvard.edu,9
Kathy,Hewitt,18371762,Kathy.Hewitt@college.harvard.edu,9
Melodie,Natalia,10147953,Melodie.Natalia@college.harvard.edu,9
Trixi,Nickola,19310477,Trixi.Nickola@college.harvard.edu,9
Tersina,Ade,14298315,Tersina.Ade@college.harvard.edu,9
Estell,Roscoe,11583296,Estell.Roscoe@college.harvard.edu,9
Ulrike,Teddman,15652039,Ulrike.Teddman@college.harvard.edu,9
Danika,Jotham,12449088,Danika.Jotham@college.harvard.edu,9
Dania,Neils,12578990,Dania.Neils@college.harvard.edu,9
Tatiania,Lauraine,13852694,Tatiania.Lauraine@college.harvard.edu,9
Annabela,Kirbee,16716633,Annabela.Kirbee@college.harvard.edu,9
Aaren,Ashely,12020784,Aaren.Ashely@college.harvard.edu,9
Andree,Halla,14029177,Andree.Halla@college.harvard.edu,9
Selia,Leler,10779599,Selia.Leler@college.harvard.edu,9
Corly,Harl,12833842,Corly.Harl@college.harvard.edu,9
Nyssa,Longfellow,16028266,Nyssa.Longfellow@college.harvard.edu,9
Claresta,Adlare,19932243,Claresta.Adlare@college.harvard.edu,9
Ida,Wilkinson,17300062,Ida.Wilkinson@college.harvard.edu,9
Audrie,Baptlsta,14111226,Audrie.Baptlsta@college.harvard.edu,9
Allyce,Rozanna,14944069,Allyce.Rozanna@college.harvard.edu,9
Brietta,Allina,19861051,Brietta.Allina@college.harvard.edu,9
Fredericka,Clara,15308749,Fredericka.Clara@college.harvard.edu,9
Myrtice,Standing,19608294,Myrtice.Standing@college.harvard.edu,9
Rebeca,Cullin,14775995,Rebeca.Cullin@college.harvard.edu,9
Alejandra,Goldina,14849367,Alejandra.Goldina@college.harvard.edu,9
Bobinette,Gale,16366790,Bobinette.Gale@college.harvard.edu,9
Tera,McLaughlin,11154176,Tera.McLaughlin@college.harvard.edu,9
Sheelagh,Adamsen,18459894,Sheelagh.Adamsen@college.harvard.edu,9
Ekaterina,Donoghue,10558401,Ekaterina.Donoghue@college.harvard.edu,9
Dolli,Euridice,14268919,Dolli.Euridice@college.harvard.edu,9
Marsiella,Edmund,17939908,Marsiella.Edmund@college.harvard.edu,9
