Priscilla,Geffner,14666772,Priscilla.Geffner@college.harvard.edu,10
Madeleine,Stilwell,13502774,Madeleine.Stilwell@college.harvard.edu,10
Deirdre,Khorma,11100518,Deirdre.Khorma@college.harvard.edu,10
Roberta,Ingra,11936833,Roberta.Ingra@college.harvard.edu,10
Larine,Paton,14731172,Larine.Paton@college.harvard.edu,10
Melina,Elsinore,13761016,Melina.Elsinore@college.harvard.edu,10
Zia,Jillane,11583059,Zia.Jillane@college.harvard.edu,10
Yolane,Thomasina,13353635,Yolane.Thomasina@college.harvard.edu,10
Shandie,Wu,19974709,Shandie.Wu@college.harvard.edu,10
Kristan,Standing,19728411,Kristan.Standing@college.harvard.edu,10
Clarice,Kellby,15104822,Clarice.Kellby@college.harvard.edu,10
Hermione,Valerio,12033707,Hermione.Valerio@college.harvard.edu,10
Ethel,Ariella,13239167,Ethel.Ariella@college.harvard.edu,10
Claudina,Artie,14132861,Claudina.Artie@college.harvard.edu,10
Gwenneth,Pacorro,16307471,Gwenneth.Pacorro@college.harvard.edu,10
Brietta,Bartlett,11396882,Brietta.Bartlett@college.harvard.edu,10
Cindelyn,Joni,16161089,Cindelyn.Joni@college.harvard.edu,10
Jaclyn,Ioab,12898682,Jaclyn.Ioab@college.harvard.edu,10
Rivalee,Willie,15107055,Rivalee.Willie@college.harvard.edu,10
Jerry,Adamsen,13635100,Jerry.Adamsen@college.harvard.edu,10
Ezmeralda,Lindemann,19575575,Ezmeralda.Lindemann@college.harvard.edu,10
Averyl,Brieta,15653824,Averyl.Brieta@college.harvard.edu,10
Dale,Podvin,15623256,Dale.Podvin@college.harvard.edu,10
Brandise,Delila,11340377,Brandise.Delila@college.harvard.edu,10
Fredericka,Emanuel,16334739,Fredericka.Emanuel@college.harvard.edu,10
Aeriela,Maribeth,16336632,Aeriela.Maribeth@college.harvard.edu,10
Gilda,Gillan,14094779,Gilda.Gillan@college.harvard.edu,10
Fayre,Dawkins,12600497,Fayre.Dawkins@college.harvard.edu,10
Fred,Stuart,16955982,Fred.Stuart@college.harvard.edu,10
Iseabal,Bashemeth,17926064,Iseabal.Bashemeth@college.harvard.edu,10
Loree,Damarra,17314349,Loree.Damarra@college.harvard.edu,10
Claudina,Eben,15516426,Claudina.Eben@college.harvard.edu,10
Jinny,Haerr,14135401,Jinny.Haerr@college.harvard.edu,10
Magdalena,Yate,16477699,Magdalena.Yate@college.harvard.edu,10
Adore,Cynar,13732698,Adore.Cynar@college.harvard.edu,10
Caressa,Granoff,10940599,Caressa.Granoff@college.harvard.edu,10
Blake,Fredi,12897689,Blake.Fredi@college.harvard.edu,10
Malina,Seligman,10541114,Malina.Seligman@college.harvard.edu,10
Annora,Riva,16776558,Annora.Riva@college.harvard.edu,10
Romona,Gilbertson,19250888,Romona.Gilbertson@college.harvard.edu,10
Modestia,Center,12591112,Modestia.Center@college.harvard.edu,10
Deedee,Dunkin,10220203,Deedee.Dunkin@college.harvard.edu,10
Wanda,Primalia,10595043,Wanda.Primalia@college.harvard.edu,10
Esmeralda,Nikaniki,16722854,Esmeralda.Nikaniki@college.harvard.edu,10
Mara,Alva,19709563,Mara.Alva@college.harvard.edu,10
Chloris,Seumas,15887530,Chloris.Seumas@college.harvard.edu,10
Renie,Pettiford,11890478,Renie.Pettiford@college.harvard.edu,10
Vanessa,Ogren,10174272,Vanessa.Ogren@college.harvard.edu,10
Agathe,Janith,15193473,Agathe.Janith@college.harvard.edu,10
Elka,Sikorski,17302491,Elka.Sikorski@college.harvard.edu,10
Darlleen,Alcott,19099571,Darlleen.Alcott@college.harvard.edu,10
Marti,Garlinda,14768316,Marti.Garlinda@college.harvard.edu,10
Yolane,Modie,11562119,Yolane.Modie@college.harvard.edu,10
Ivett,O'Neill,18808262,Ivett.O'Neill@college.harvard.edu,10
Raquela,Chaing,19614740,Raquela.Chaing@college.harvard.edu,10
Dulce,Toffic,12831699,Dulce.Toffic@college.harvard.edu,10
Suzette,Dulciana,19649206,Suzette.Dulciana@college.harvard.edu,10
Felice,Suk,13357726,Felice.Suk@college.harvard.edu,10
Fina,Brandice,16502184,Fina.Brandice@college.harvard.edu,10
Zia,Cottle,12193417,Zia.Cottle@college.harvard.edu,10
Regina,Konyn,19542595,Regina.Konyn@college.harvard.edu,10
Lily,Peti,18072190,Lily.Peti@college.harvard.edu,10
Nyssa,Teddman,15402921,Nyssa.Teddman@college.harvard.edu,10
Edith,Olnee,18043093,Edith.Olnee@college.harvard.edu,10
Michaelina,Carri,19940444,Michaelina.Carri@college.harvard.edu,10
Louella,Madox,16677976,Louella.Madox@college.harvard.edu,10
Angela,Shaver,16805573,Angela.Shaver@college.harvard.edu,10
Sheelagh,Rad,10297506,Sheelagh.Rad@college.harvard.edu,10
Elise,Swigart,12982913,Elise.Swigart@college.harvard.edu,10
Dennie,Roche,18278804,Dennie.Roche@college.harvard.edu,10
Lauryn,Malanie,15823237,Lauryn.Malanie@college.harvard.edu,10
Kaia,Cimbura,14289169,Kaia.Cimbura@college.harvard.edu,10
Sidoney,Hanleigh,10368961,Sidoney.Hanleigh@college.harvard.edu,10
Cam,Isacco,14001758,Cam.Isacco@college.harvard.edu,10
Cordi,Dielu,12974748,Cordi.Dielu@college.harvard.edu,10
Basia,Helfand,14445768,Basia.Helfand@college.harvard.edu,10
Clo,Bohlin,17435892,Clo.Bohlin@college.harvard.edu,10
Leontine,Aaberg,13067083,Leontine.Aaberg@college.harvard.edu,10
Cyndie,Moseley,16706284,Cyndie.Moseley@college.harvard.edu,10
Courtnay,Maribeth,17165659,Courtnay.Maribeth@college.harvard.edu,10
Gertrud,Shields,17950352,Gertrud.Shields@college.harvard.edu,10
Valli,Kolnick,17789823,Valli.Kolnick@college.harvard.edu,10
Lulita,Oster,16701249,Lulita.Oster@college.harvard.edu,10
Grier,Artie,12204827,Grier.Artie@college.harvard.edu,10
Ashlee,Ader,15219066,Ashlee.Ader@college.harvard.edu,10
Cecile,Magnolia,18239892,Cecile.Magnolia@college.harvard.edu,10
Kaia,Tannie,13697726,Kaia.Tannie@college.harvard.edu,10
Celene,Dearborn,19991874,Celene.Dearborn@college.harvard.edu,10
Lanna,Thunell,18150730,Lanna.Thunell@college.harvard.edu,10
Belva,Even,16032558,Belva.Even@college.harvard.edu,10
Albertina,Greenwald,12251500,Albertina.Greenwald@college.harvard.edu,10
Jan,Wesle,19002734,Jan.Wesle@college.harvard.edu,10
Carolina,Pacorro,16629153,Carolina.Pacorro@college.harvard.edu,10
Dania,Casimir,14115304,Dania.Casimir@college.harvard.edu,10
Stevana,Lauraine,17552406,Stevana.Lauraine@college.harvard.edu,10
Merci,Bevin,10506308,Merci.Bevin@college.harvard.edu,10
Aurore,Luhe,11083662,Aurore.Luhe@college.harvard.edu,10
Robinia,Raul,10889824,Robinia.Raul@college.harvard.edu,10
Violet,Fabiola,14152715,Violet.Fabiola@college.harvard.edu,10
Rayna,Fillbert,13150470,Rayna.Fillbert@college.harvard.edu,10
Dorene,Breed,15189851,Dorene.Breed@college.harvard.edu,10
Collen,Ferrell,17057825,Collen.Ferrell@college.harvard.edu,10
Gertrud,Manolo,16416056,Gertrud.Manolo@college.harvard.edu,10
Maye,Haerr,19132153,Maye.Haerr@college.harvard.edu,10
Wileen,O'Rourke,11201153,Wileen.O'Rourke@college.harvard.edu,10
Konstance,MacIntosh,10379189,Konstance.MacIntosh@college.harvard.edu,10
Mureil,Ochs,11898412,Mureil.Ochs@college.harvard.edu,10
Dennie,Earlie,11474722,Dennie.Earlie@college.harvard.edu,10
Jeanna,Sothena,12179921,Jeanna.Sothena@college.harvard.edu,10
Margette,Elisha,18854868,Margette.Elisha@college.harvard.edu,10
Olivette,Atonsah,12312854,Olivette.Atonsah@college.harvard.edu,10
Aigneis,Halla,12008990,Aigneis.Halla@college.harvard.edu,10
Oralee,Donell,19545303,Oralee.Donell@college.harvard.edu,10
Susan,Granoff,18586304,Susan.Granoff@college.harvard.edu,10
Alia,Garek,16672357,Alia.Garek@college.harvard.edu,10
Andree,Vernier,10832310,Andree.Vernier@college.harvard.edu,10
Keelia,Lytton,12320412,Keelia.Lytton@college.harvard.edu,10
Riannon,Wattenberg,18531901,Riannon.Wattenberg@college.harvard.edu,10
Goldie,Loeb,16005620,Goldie.Loeb@college.harvard.edu,10
Gerianna,Ehrman,13809131,Gerianna.Ehrman@college.harvard.edu,10
Olwen,Izaak,13169686,Olwen.Izaak@college.harvard.edu,10
Darlleen,Lytton,12014499,Darlleen.Lytton@college.harvard.edu,10
Jsandye,Brandice,17074487,Jsandye.Brandice@college.harvard.edu,10
Nadine,Emerson,14079268,Nadine.Emerson@college.harvard.edu,10
Phedra,Hessler,12430979,Phedra.Hessler@college.harvard.edu,10
Nessie,Georgy,18473364,Nessie.Georgy@college.harvard.edu,10
Briney,Raimondo,11783613,Briney.Raimondo@college.harvard.edu,10
Blake,Harl,14163696,Blake.Harl@college.harvard.edu,10
Winifred,Dyche,17844048,Winifred.Dyche@college.harvard.edu,10
Karina,Macey,11006938,Karina.Macey@college.harvard.edu,10
Jany,Greenwald,14945773,Jany.Greenwald@college.harvard.edu,10
Kylynn,Vins,16391868,Kylynn.Vins@college.harvard.edu,10
Aaren,Shanley,15283874,Aaren.Shanley@college.harvard.edu,10
Marsiella,Darian,19849260,Marsiella.Darian@college.harvard.edu,10
Delilah,Publia,12994767,Delilah.Publia@college.harvard.edu,10
Neila,Suk,11474238,Neila.Suk@college.harvard.edu,10
Roxane,Weinreb,13658477,Roxane.Weinreb@college.harvard.edu,10
Nollie,Felizio,10647116,Nollie.Felizio@college.harvard.edu,10
Therine,Radu,12583896,Therine.Radu@college.harvard.edu,10
Vonny,Ackerley,17664827,Vonny.Ackerley@college.harvard.edu,10
Starla,Carri,17058857,Starla.Carri@college.harvard.edu,10
Vivia,Bluh,10164273,Vivia.Bluh@college.harvard.edu,10
Corry,Strephon,10939633,Corry.Strephon@college.harvard.edu,10
Chrystel,Pozzy,17641228,Chrystel.Pozzy@college.harvard.edu,10
Ginnie,Gunn,15626505,Ginnie.Gunn@college.harvard.edu,10
Anestassia,Claudine,11114570,Anestassia.Claudine@college.harvard.edu,10
Abbie,Mich,11327673,Abbie.Mich@college.harvard.edu,10
Ursulina,Charmine,17843792,Ursulina.Charmine@college.harvard.edu,10
Ketti,Cohdwell,19190297,Ketti.Cohdwell@college.harvard.edu,10
Adore,Ferrell,14330046,Adore.Ferrell@college.harvard.edu,10
Celene,Flita,14264948,Celene.Flita@college.harvard.edu,10
Joy,Dielu,16119039,Joy.Dielu@college.harvard.edu,10
Mallory,Ajay,11476841,Mallory.Ajay@college.harvard.edu,10
Lynde,Olympium,11052779,Lynde.Olympium@college.harvard.edu,10
Ingrid,Eachern,12490247,Ingrid.Eachern@college.harvard.edu,10
Etta,Girardo,13042891,Etta.Girardo@college.harvard.edu,10
Phylis,Koehler,16551520,Phylis.Koehler@college.harvard.edu,10
Mathilda,Japeth,19845330,Mathilda.Japeth@college.harvard.edu,10
Ariela,Robertson,14099607,Ariela.Robertson@college.harvard.edu,10
Genovera,Alexandr,13576426,Genovera.Alexandr@college.harvard.edu,10
Desirae,Sholley,19475426,Desirae.Sholley@college.harvard.edu,10
Ayn,Yuille,14836415,Ayn.Yuille@college.harvard.edu,10
Catrina,Adlare,14406501,Catrina.Adlare@college.harvard.edu,10
Nicoli,Sholley,17218018,Nicoli.Sholley@college.harvard.edu,10
