Elyssa,Wu,12316153,Elyssa.Wu@college.harvard.edu,11
Penelopa,Harned,16443115,Penelopa.Harned@college.harvard.edu,11
Mathilda,Urania,19811224,Mathilda.Urania@college.harvard.edu,11
Merci,Louanna,14261672,Merci.Louanna@college.harvard.edu,11
Fidelia,Cherianne,14073512,Fidelia.Cherianne@college.harvard.edu,11
Mariele,Sawtelle,17643066,Mariele.Sawtelle@college.harvard.edu,11
Patricia,Schalles,11917293,Patricia.Schalles@college.harvard.edu,11
Kassey,Screens,16344805,Kassey.Screens@college.harvard.edu,11
Joane,Bouchard,15634642,Joane.Bouchard@college.harvard.edu,11
Misha,Cristi,12765233,Misha.Cristi@college.harvard.edu,11
Laurene,Daniele,19854135,Laurene.Daniele@college.harvard.edu,11
Elfreda,Jethro,16322570,Elfreda.Jethro@college.harvard.edu,11
Daune,Lewes,13258951,Daune.Lewes@college.harvard.edu,11
Odessa,Ricarda,14005932,Odessa.Ricarda@college.harvard.edu,11
Phedra,Daegal,14322765,Phedra.Daegal@college.harvard.edu,11
Tressa,Roscoe,18800777,Tressa.Roscoe@college.harvard.edu,11
Vinita,Tristram,17439041,Vinita.Tristram@college.harvard.edu,11
Kittie,Seumas,17227745,Kittie.Seumas@college.harvard.edu,11
Averyl,Fredi,10926797,Averyl.Fredi@college.harvard.edu,11
Brena,Kesley,19274804,Brena.Kesley@college.harvard.edu,11
Adriana,McClimans,16487544,Adriana.McClimans@college.harvard.edu,11
Rosanne,Graig,13501056,Rosanne.Graig@college.harvard.edu,11
Vonny,Behre,10551097,Vonny.Behre@college.harvard.edu,11
Deane,Malvino,15124670,Deane.Malvino@college.harvard.edu,11
Zaria,Hollingsworth,18200710,Zaria.Hollingsworth@college.harvard.edu,11
Rhoda,Mathilde,11529282,Rhoda.Mathilde@college.harvard.edu,11
Binny,Medrek,17630510,Binny.Medrek@college.harvard.edu,11
Jessy,Justinn,15859306,Jessy.Justinn@college.harvard.edu,11
Mathilda,Mauer,19854714,Mathilda.Mauer@college.harvard.edu,11
Elbertina,Chesna,13813191,Elbertina.Chesna@college.harvard.edu,11
Eolanda,Elvyn,14220399,Eolanda.Elvyn@college.harvard.edu,11
Molli,Belldas,17872710,Molli.Belldas@college.harvard.edu,11
Gloria,Amadas,12220298,Gloria.Amadas@college.harvard.edu,11
Winny,Gerge,16197304,Winny.Gerge@college.harvard.edu,11
Gerrie,Taam,12137298,Gerrie.Taam@college.harvard.edu,11
Wynne,Orpah,18984001,Wynne.Orpah@college.harvard.edu,11
Sadie,Guildroy,13973494,Sadie.Guildroy@college.harvard.edu,11
Shandie,Kronfeld,16293724,Shandie.Kronfeld@college.harvard.edu,11
Nannie,Kamaria,12036948,Nannie.Kamaria@college.harvard.edu,11
Mady,Ferrell,13518774,Mady.Ferrell@college.harvard.edu,11
Emylee,Felecia,19931607,Emylee.Felecia@college.harvard.edu,11
Esmeralda,Swanhildas,18090887,Esmeralda.Swanhildas@college.harvard.edu,11
Vivia,Marden,17397965,Vivia.Marden@college.harvard.edu,11
Ilse,Zetta,13378562,Ilse.Zetta@college.harvard.edu,11
Tatiania,Jacobah,11556886,Tatiania.Jacobah@college.harvard.edu,11
Kimmy,Erb,16700176,Kimmy.Erb@college.harvard.edu,11
Kalina,Byrne,16172206,Kalina.Byrne@college.harvard.edu,11
Meg,Alice,16445431,Meg.Alice@college.harvard.edu,11
Shauna,Dunkin,17752080,Shauna.Dunkin@college.harvard.edu,11
June,Nisbet,14808539,June.Nisbet@college.harvard.edu,11
Cindelyn,Holbrook,12951408,Cindelyn.Holbrook@college.harvard.edu,11
Claudina,Durware,18346597,Claudina.Durware@college.harvard.edu,11
Jere,Toffic,11539889,Jere.Toffic@college.harvard.edu,11
Dulcinea,Erskine,10629135,Dulcinea.Erskine@college.harvard.edu,11
Valera,Rooney,13314483,Valera.Rooney@college.harvard.edu,11
Paulita,Saunderson,11296242,Paulita.Saunderson@college.harvard.edu,11
Elbertina,Clara,11249526,Elbertina.Clara@college.harvard.edu,11
Cindelyn,Ferrell,18675179,Cindelyn.Ferrell@college.harvard.edu,11
Jenilee,Ammann,11561470,Jenilee.Ammann@college.harvard.edu,11
Jessy,Andrel,12427820,Jessy.Andrel@college.harvard.edu,11
Tori,Nedrud,17947983,Tori.Nedrud@college.harvard.edu,11
Corry,Mich,12513879,Corry.Mich@college.harvard.edu,11
Fina,Hull,16052461,Fina.Hull@college.harvard.edu,11
Harrietta,Belanger,18810351,Harrietta.Belanger@college.harvard.edu,11
Maisey,Olin,17580574,Maisey.Olin@college.harvard.edu,11
Mathilda,McLaughlin,18552273,Mathilda.McLaughlin@college.harvard.edu,11
Petronia,Euridice,13842596,Petronia.Euridice@college.harvard.edu,11
Nadine,Jefferey,12412862,Nadine.Jefferey@college.harvard.edu,11
Reeba,Oscar,10822005,Reeba.Oscar@college.harvard.edu,11
Maisey,Cosenza,18204275,Maisey.Cosenza@college.harvard.edu,11
Joeann,Lissi,17239872,Joeann.Lissi@college.harvard.edu,11
Eadie,Monaco,15882522,Eadie.Monaco@college.harvard.edu,11
Dorene,Fiester,10533472,Dorene.Fiester@college.harvard.edu,11
Jenda,Morrill,16764648,Jenda.Morrill@college.harvard.edu,11
Marinna,Richers,15139396,Marinna.Richers@college.harvard.edu,11
Beverley,Hepsibah,13588302,Beverley.Hepsibah@college.harvard.edu,11
Babita,Sinegold,18677649,Babita.Sinegold@college.harvard.edu,11
Stephanie,Moseley,13231539,Stephanie.Moseley@college.harvard.edu,11
Shaylyn,Glovsky,16495897,Shaylyn.Glovsky@college.harvard.edu,11
Pamella,LaRue,16359178,Pamella.LaRue@college.harvard.edu,11
Ellette,Smitt,17830000,Ellette.Smitt@college.harvard.edu,11
Sara-Ann,Stav,11821726,Sara-Ann.Stav@college.harvard.edu,11
Elise,Brenn,19168815,Elise.Brenn@college.harvard.edu,11
Winifred,Michella,11136721,Winifred.Michella@college.harvard.edu,11
Tami,Anton,11905579,Tami.Anton@college.harvard.edu,11
Melanie,Harl,15691180,Melanie.Harl@college.harvard.edu,11
Elka,Urias,19584824,Elka.Urias@college.harvard.edu,11
Ulrike,Kenwood,18096180,Ulrike.Kenwood@college.harvard.edu,11
Ermengarde,Bartlett,15322110,Ermengarde.Bartlett@college.harvard.edu,11
Elsie,Wind,14918724,Elsie.Wind@college.harvard.edu,11
Teriann,Berl,10363305,Teriann.Berl@college.harvard.edu,11
Corina,Egbert,18200203,Corina.Egbert@college.harvard.edu,11
Kore,Dreda,11901674,Kore.Dreda@college.harvard.edu,11
Claresta,Toor,12626174,Claresta.Toor@college.harvard.edu,11
Sophia,Howlyn,16896287,Sophia.Howlyn@college.harvard.edu,11
Andree,Vittoria,15564574,Andree.Vittoria@college.harvard.edu,11
Theodora,Codding,13131373,Theodora.Codding@college.harvard.edu,11
Annora,Mauer,14008654,Annora.Mauer@college.harvard.edu,11
Tani,Campball,14923327,Tani.Campball@college.harvard.edu,11
Adelle,Kiyoshi,16519622,Adelle.Kiyoshi@college.harvard.edu,11
Vere,Eugenia,19232551,Vere.Eugenia@college.harvard.edu,11
Kittie,Michella,11674186,Kittie.Michella@college.harvard.edu,11
Alyssa,Sekofski,19162746,Alyssa.Sekofski@college.harvard.edu,11
Angela,Felizio,14256304,Angela.Felizio@college.harvard.edu,11
Lanae,Naashom,13950144,Lanae.Naashom@college.harvard.edu,11
Benita,Medrek,14325078,Benita.Medrek@college.harvard.edu,11
Demetris,Barrus,14167795,Demetris.Barrus@college.harvard.edu,11
Tobe,Hillel,17592243,Tobe.Hillel@college.harvard.edu,11
Tracey,Cohdwell,11374641,Tracey.Cohdwell@college.harvard.edu,11
Elbertina,Ackerley,11482719,Elbertina.Ackerley@college.harvard.edu,11
Barbara,Henrie,19278933,Barbara.Henrie@college.harvard.edu,11
Briney,Fairweather,19201081,Briney.Fairweather@college.harvard.edu,11
Thalia,Hull,12070102,Thalia.Hull@college.harvard.edu,11
Carolina,Chobot,11395518,Carolina.Chobot@college.harvard.edu,11
Nessie,Anyah,12191748,Nessie.Anyah@college.harvard.edu,11
Merle,Goerke,18805793,Merle.Goerke@college.harvard.edu,11
Ericka,Harned,12396249,Ericka.Harned@college.harvard.edu,11
Candy,Merell,10452067,Candy.Merell@college.harvard.edu,11
Lusa,Linskey,18582240,Lusa.Linskey@college.harvard.edu,11
Benita,Read,12250268,Benita.Read@college.harvard.edu,11
Andeee,Ummersen,15992175,Andeee.Ummersen@college.harvard.edu,11
Brana,Concha,12564036,Brana.Concha@college.harvard.edu,11
Taffy,Maryanne,14927666,Taffy.Maryanne@college.harvard.edu,11
Tori,Garbe,10516444,Tori.Garbe@college.harvard.edu,11
Lorenza,Catie,19671469,Lorenza.Catie@college.harvard.edu,11
Corry,Solitta,14119834,Corry.Solitta@college.harvard.edu,11
Madalyn,Emanuel,19277610,Madalyn.Emanuel@college.harvard.edu,11
Esmeralda,Ammann,10726172,Esmeralda.Ammann@college.harvard.edu,11
Lindie,Zenas,11854362,Lindie.Zenas@college.harvard.edu,11
Felice,Bivins,15529454,Felice.Bivins@college.harvard.edu,11
Kimberley,Newell,12425127,Kimberley.Newell@college.harvard.edu,11
Elena,Erskine,13191157,Elena.Erskine@college.harvard.edu,11
Zondra,Kinnard,16018071,Zondra.Kinnard@college.harvard.edu,11
Korrie,Pond,19067980,Korrie.Pond@college.harvard.edu,11
Allyce,Torray,15626787,Allyce.Torray@college.harvard.edu,11
Blake,Mendez,11792955,Blake.Mendez@college.harvard.edu,11
Jenda,Maples,11626795,Jenda.Maples@college.harvard.edu,11
Carolina,Belanger,18371354,Carolina.Belanger@college.harvard.edu,11
Elmira,Helve,12044802,Elmira.Helve@college.harvard.edu,11
Cindelyn,Pelagias,16266769,Cindelyn.Pelagias@college.harvard.edu,11
Marnia,Fosque,16460668,Marnia.Fosque@college.harvard.edu,11
Belinda,Daniele,17167468,Belinda.Daniele@college.harvard.edu,11
Fidelia,Martguerita,13153624,Fidelia.Martguerita@college.harvard.edu,11
Dorothy,Pandolfi,19101916,Dorothy.Pandolfi@college.harvard.edu,11
Emmey,Rona,15608509,Emmey.Rona@college.harvard.edu,11
Wilma,Justinn,10037489,Wilma.Justinn@college.harvard.edu,11
Luci,Hartnett,14353282,Luci.Hartnett@college.harvard.edu,11
Brooks,Korey,11114508,Brooks.Korey@college.harvard.edu,11
Nariko,Marsden,11707944,Nariko.Marsden@college.harvard.edu,11
Ileana,Erlandson,17180867,Ileana.Erlandson@college.harvard.edu,11
Marti,Orpah,12030548,Marti.Orpah@college.harvard.edu,11
Chandra,Garlinda,16932813,Chandra.Garlinda@college.harvard.edu,11
Lynde,Judye,13912241,Lynde.Judye@college.harvard.edu,11
Julieta,Remmer,10462950,Julieta.Remmer@college.harvard.edu,11
Regina,Rodmann,17836189,Regina.Rodmann@college.harvard.edu,11
Elise,Kellby,12101108,Elise.Kellby@college.harvard.edu,11
Robinia,Ellord,10742371,Robinia.Ellord@college.harvard.edu,11
Sidoney,Etom,11008621,Sidoney.Etom@college.harvard.edu,11
Imojean,Rad,13287914,Imojean.Rad@college.harvard.edu,11
Renae,Wittie,14464888,Renae.Wittie@college.harvard.edu,11
Viki,Lucienne,11379809,Viki.Lucienne@college.harvard.edu,11
Kate,Selway,11613307,Kate.Selway@college.harvard.edu,11
